work_id,x,y
1,19.02729606628418,5.464205741882324
2,18.787567138671875,6.18931245803833
3,18.07883644104004,7.071733474731445
4,17.57540512084961,6.83282995223999
5,18.84821891784668,7.345993995666504
6,19.460134506225586,7.088737487792969
7,19.313276290893555,7.938055038452148
8,18.664390563964844,8.035932540893555
9,19.502052307128906,5.994171142578125
10,18.255390167236328,5.660019874572754
